{"cameraMode":{"drawMode":0,"name":"Shaded","section":"Shading Mode"},"sceneLighting":true,"audioPlay":false,"sceneViewState":{"showFog":true,"showMaterialUpdate":false,"showSkybox":true,"showFlares":true,"showImageEffects":true,"showParticleSystems":true},"in2DMode":false,"pivot":{"x":-13.112874984741211,"y":-1.8956189155578614,"z":10.945881843566895},"rotation":{"x":0.07968079298734665,"y":-0.4665150046348572,"z":0.042245544493198398,"w":0.8799064755439758},"size":28.157373428344728,"orthographic":false}